complaint,label
Please tik tok open the cart,not useful
"My tik tok account has not been violated or made any mistakes, why is there no tik tok shop for creators? (tik tok side butt fixes errors)",useful
I am aware of my violation of the e-commerce feature. Looking forward to TikTok opening commercial availability for me. I have remedied the consequences of the violation by removing the offending posts. Thank you.,Not useful
"Dear TikTok Shop!
My account ID: yeulichsuvietnam2 does not violate any rules and is eligible to participate in the TikTok Shop creator program. But I currently get an error when registering. ""Your application has been rejected.
TikTok Shop is only available for accounts with good account status. ""How do I know if my account is good?
Thank you for your reply",useful
"My account has a good reputation, why can't I open the shopping cart?",useful
"Hello TikTok department.
I want to open a creator's shopping cart. My account has a good reputation, but why was it rejected? How long will it take to open a Tiktokshop?
I hope TikTok will give me an answer.
Thank you.",not useful
Open the shopping cart gisteam me,not useful
I want to open a Tiktokshop.,not useful
"I can't register with TikTok, I don't know where the violation is.",useful
Help me open the cart.,useful
Please open a TikTok Shop account for me.,not useful
"It is known that my account has applied for a marketing account, but was rejected because the account is not secure. I still haven't found the error here. I hope TikTok will review it.",useful
Why can't I open a DC store?,Not useful
I can't register for affiliate marketing on my account.,useful
Why can't I open the cart attachment function? My account has a good reputation. Looking forward to seeing you again.,Not useful
My account has a good reputation why don't I open tik tok shop for creators,not useful
"You have met all three conditions, but you still can't sign up for TikTok Shop.
Looking for Support Team",useful
Open my shopping cart.,useful
apply for a license,not useful
Why can't I open a TikTok shop?,useful
Chx can be turned on.,not useful
"I didn't violate it, why haven't I registered yet?",not useful
Please help me link my account with TikTok Shop.,useful
Where is my account not good?,not useful
"I have completed 1000 folow and meet the criteria for affiliate marketing, and I still can't make money. I look forward to the support of TikTok, thank you.",not useful
Why was I rejected?,not useful
Let me do some sales.,not useful
Why was I rejected?,not useful
Why was it rejected?,not useful
Please allow the TikTok admin to open a TikTok shop for me.,not useful
Why was I rejected?,not useful
TikTok report is not approved and see if lightning can help you vs an,not useful
Why was I rejected?,not useful
Recommend tik tok review channel fori.xin thank you,not useful
Why can't I open a TikTok shop for creators?,useful
Open my shopping cart.,useful
Hgathingo Thai doctor sgngag,not useful
Why can't my account open TikTok?,useful
How to lm,not useful
I look forward to opening the tik tok shop for creators.,not useful
"I can't apply for affiliate marketing.
Glasses hope tik tok support opening cart.
Thank you.",not useful
What is this?,not useful
Why was I rejected?,not useful
I want to apply for TikTok Shop marketing.,not useful
Why can't my account open commission ads?,useful
I have never been violated. Please let me open the shopping cart on TikTok.,not useful
The account cannot be opened.,useful
"Hello, my account is in good condition, but I can't open a TikTok shop. Please check again for me. Thanks.",not useful
whhyy i can't be a tiktok seller?,not useful
Why can't I open a TikTok shop?,useful
I want to attach a TikTok shopping cart.,useful
What did K do so well?,not useful
Why can't I join TikTok for creators?,useful
Please tell me why my TikTok account has been banned from registering creators. I need evidence of being hit for infringement.,useful
Shop can't open the cart,useful
Why haven't you opened your shopping cart in 30 days?,useful
"Dear TikTok
I'm the channel owner.
I have enough to open a TikTok shop.
But why not open it?",not useful
Why can't I enter the TikTok shop with my account?,useful
"My account has 1000 followers, so how can I open TikTok for creators?",useful
Why can't I post a shopping cart even though I have 1k fl?,useful
Why can't I sign up for the creator's tittok shop?,useful
"I want to ask why I can't sell it when I can afford it. If there are other problems, I hope to know how to fix them. Thank you.",Not useful
Why can't I open an affiliate account?,useful
The reason why I can't open TikTok affiliate marketing,useful
"I can't sign the tik tok shop for the creator. I hope the tik tok team will consider it, thank you.",useful
Why is my account in good condition and can't open a TikTok shop?,not useful
at s i k open titkokshop,not useful
why k open dc cart,not useful
I want to re-subscribe to the TikTok shop channel.,useful
I can't register the display on my account.,useful
I didn't break anything but lost my cart.,not useful
I'm qualified.,not useful
account over 18t enough 1000 fl why k mounted dc cart??,not useful
Why can't I enable tik tok shop?,useful
Why was I refused to open a TikTok shop?,not useful
"Dear friends, please consider",not useful
Why was my account rejected?,useful
My Tk is eligible to register for the TikTok store.,not useful
I can't register for the TikTok Shop.,useful
Hello... my name is Linh. Today I would like to send my greetings to the administrators on TikTok Shop to ask you to allow me to register TikTok Shop for creators... so that I can promote products on TikTok Shop... I thank you very much for agreeing and reading the words that you have sent to you. I hope you agree with me and accept it.,not useful
Why can't you register?,not useful
Unable to Sign up for TikTok shopping cart,useful
My account is eligible for affiliate marketing. I hope the TikTok sleep team will support me.,Not useful
"Dear sister TikTok
The new account has not been violated, so can't you open the shopping cart?",not useful
Please approve the TikTok Shop application for my creator.,useful
Why can't I open a TikTok Shop account?,useful
Why don't I register for TikTok Shop DC when it has reached 1000 followers?,useful
What good is a TikTok account with enough 1000k followers but cannot open a shopping cart?,useful
Why can't I create a TikTok for creators?,not useful
My account has a good reputation.,not useful
Why can't my channel register for the TikTok Shop?,useful
I can't register the cart.,useful
"Hello, TikTok. My TikTok Shop shopping cart has been cancelled. TikTok made a mistake in locking my cart. Please review and reopen it. I am grateful.",useful
What did I do?,not useful
Why can't I copy the link?,useful
Why do I open the drill ear?,not useful
Looking forward to tik tok opening the store.,not useful
"I ran an advertisement to open a shop, but everything is fine, why can't I open a marketing shop?",not useful
I was not violated.,not useful
Why can't I sell?,not useful
Why can't I sign up?,useful
Why I have more than 1k followers and do not violate the community without opening the cart,useful
browse for the mother,not useful
What's wrong with my account?,not useful
Why can't I register my account properly?,useful
Why is the account refused to register for TikTok for creators?,useful
Why can't my account sign up for affiliate marketing?,useful
I haven't opened the shopping cart yet.,not useful
"I want TikTok to agree.
Open me a TikTok shop.
Below is my cccd paper.
I hope TikTok can show me the lightning.
I'd like to thank you very much.",not useful
I can't open the cart even though I have met all the requirements. Please assist me in opening the cart.,useful
I don't know why.,not useful
"My TikTok account has a good reputation, but I can't register a creator's store.",useful
I want to open a shopping cart for sale.,not useful
"My account has not been violated, why can't I apply for affiliate marketing?",useful
Give me all the reasons why I can't open a marketing link.,useful
"My account has a good reputation, why can't I sell it?",not useful
I agree to tik tok's request.,not useful
Why do I have 1000 flowers? Why open a tiklshop?,not useful
"I would like to know what problem my account is having that I can't open a TikTok shop. And what can I do to fix it so that I can open a TikTok shop for creators? Thanks, TikTok.",useful
"Let me ask you a question, 1k fl, and do you want a shopping cart?",not useful
What kind of commission is in this nick?,not useful
"I want to open a TikTok shop, I can do it.",not useful
I'd like to know when I can sign up for the cart.,not useful
Why can't I open a TikTok Shop account?,useful
"Yes, my tik tok account currently has a message like the picture above, I don't know what content I violated and how to improve it?",useful
I want to sell.,not useful
Why can't my account register for the TikTok Creator Shop? My account has never been in trouble.,useful
I want you to register my account. My account has been violated or locked.,useful
Here everyone help me vs,not useful
Why can't my account link to TikTok Shop?,useful
Looking forward to the review.,not useful
"Vui long mo gio hang dum, vi tai khoan da du 1k follow, xin cam on",not useful
"Can you tell me that this account can receive the shopping cart again? If so, I will cancel it.",not useful
I want a shopping cart tik tok,not useful
Why can't I apply for affiliate marketing?,useful
Why can't TikTok Shop be opened?,useful
I have been violated and have tried to change it. I look forward to TikTok's support.,not useful
I can't open the shopping cart link.,useful
Why can't I open the shopping cart?,useful
"Tk has an excellent reputation, adm.",not useful
I want to open Tik Tok Shop.,Not useful
I want to register for TikTok but I can't.,useful
I hope Top will review and approve my TikTok Shop application.,not useful
Why reject me?,not useful
My account doesn't violate community standards. Why didn't I create a shopping cart? Please reconsider for me.,not useful
Let me ask you what happened to the account.,not useful
The shopping cart could not be opened.,useful
I want to apply for e-commerce permission again.,useful
Let me open the shopping cart.,not useful
Why doesn't my Nick have a TikTok Shop?,not useful
"Why don't you try to get into this kind of situation, TikTok?",not useful
I can't shop DC.,useful
Why can't I sign up for TikTok?,useful
"Hi TikTok, The status of my account is well reviewed. I want to be an affiliate without TikTok approval. Hope you check and review. Thank you.",not useful
Why my account doesn't meet the requirements to register as a creator,useful
I can't register the creator to link mik. The product expects your support mik.,useful
I want to sell clothes online.,not useful
Why am I not supported?,not useful
The account has a good reputation.,not useful
k be ccccccccccccccccc,not useful
"For more information, please open the shopping cart.",not useful
"If the video on my account has not been violated for 28 days, can I apply for Tiktokshop?",not useful
why nick can't I register tik tok shop,useful
"Nick, why can't you come up?",not useful
"Now that you can enter the TikTok Shop, do you have a way to withdraw the commission that is still in this account?",useful
Sales Support,not useful
How to open it.,not useful
"TikTok, please open the shopping cart for me.",not useful
"Please see my account for help, keep reporting inappropriate",not useful
Why can't I open a TikTok Shop?,useful
Looking forward to signing up for the TikTok Shop.,not useful
I wonder about my account! Why can't I apply to become a TikTok Studio host?,not useful
I want to open the shopping cart. Why can't I open it?,useful
Why can't I open a TikTok Shop?,useful
I have qualified for R but can't register.,useful
"I guarantee that I have met the requirements for creators, but I can't open a TikTok shop.",useful
Why can't my tk do affiliate marketing,not useful
How can I qualify without opening the shopping cart?,useful
I want to open the shopping cart.,useful
"Please let me ask TikTok why I was refused to open the linked shopping cart, thank you.",Not useful
"There is a problem with my channel that I can't open the shopping cart. TikTok, can you explain it better for me to fix it?",useful
"Good account has a good reputation, why can't you open a TikTok shop for creators?",not useful
Please open the shopping cart.,useful
I need to open a linked cart.,useful
Not eligible for affiliate,useful
"My account is completely normal, why is it not available?",not useful
How can I not sell goods on my account?,not useful
What's wrong with my account?,not useful
"I am already qualified, please help me register for the TikTok shop.",useful
At the knife his account was rejected as tk creator,not useful
Why not register?,not useful
Why can't I open the shopping cart?,useful
Why don't you open TikTok for creators?,not useful
"My account is created and interacts well with 1000 followers, why can't I open a shopping cart?",useful
Why can't you register?,not useful
"I want to review & attach affiliate marketing, but why refuse? Where am I wrong?",not useful
I received the notification that I am eligible to make money. Why can't I open the shopping cart? I hope TikTok will support me and check it for me.,useful
"Hello, TikTok. I want to do affiliate marketing on TikTok as a content creator. TikTok can help me or give me specific instructions to solve the problem. Thank you!",Not useful
Why am I refusing this even though I am satisfied? What is the reason?,not useful
Why was I rejected?,not useful
"My account is fine, I have deleted the offending videos and hope to review and deal with them for me.",Not useful
My ACC is in good condition and can I open a sale?,not useful
"I want to open a TikTok store, please help me.",not useful
I want to sell live.,not useful
Why was my TikTok shop registration account rejected? I need to know the reason why it was rejected.,useful
There is no product link.,useful
The time has passed but the cart cannot be opened.,useful
I don't quite understand why the affiliate application was rejected.,useful
"I have a good condition and high interaction, why can't I open the shopping cart?",not useful
Please check for me.,not useful
Please help me open a store to sell links.,not useful
I want to build a TikTok channel.,not useful
I would like to apply for a TikTok shop for creators.,useful
Why don't I have a shopping cart?,useful
Best titok,not useful
Why is my account not working properly?,not useful
Why can't I sign up?,useful
Please contact the TikTok team to accept my application. I have completed 1k fl.,not useful
How can I open a TikTok Shop?,useful
Affiliate Marketing & Marketing,not useful
I'm 18 years old and I can't open it.,not useful
And y morning @.,not useful
Why can't I open the link?,useful
Let me ask you,not useful
I want to register,not useful
I am Nguyen Thanhbinh,not useful
I don't know why I can't open TikTok.,not useful
Why can't I register tik tok sohp,not useful
I need help.,not useful
Why don't you open TikTok for me?,not useful
I want to open a shopping cart for sale.,not useful
"I'm having issue here to activate my creator account, im not what is the issue that titok rejected my application. 

Can someone please follow up on this matter ?",useful
What's wrong with yours?,not useful
I want to dream tik tok shop,not useful
Why can't I?,not useful
Why don't you open a TikTok shop for creators?,useful
Account registration is rejected,useful
Looking forward to early support.,not useful
I think there is a mistake on TikTok. My account has a good reputation. No offense. I hope TikTok can review it and open a shopping cart for me.,not useful
Why can't I register a TikTok shop for creators?,useful
Please help me open a TikTok Shop.,not useful
How to open a TikTok shop?,useful
"I want to post it on the TikTok Shop, thank you.",not useful
I would like to open a shopping cart for sale.,not useful
"Excuse me, why can't I open the shopping cart?",useful
I hope TikTok is saved.,not useful
It is not expected to be supported.,not useful
Do not understand the reason for the condition,not useful
I opened a DC Shop.,not useful
When will I be registered?,not useful
Why don't you explain it to me?,not useful
"My account meets 3 conditions, but when re-registering it was not accepted. It may be a mistake, please review it for me.",useful
Why can't I open TikTok?,useful
Return to TikTok Shop,useful
Why can't my TikTok be creative when my account is fine? There is no violation.,not useful
I hope TikTok will consider my sales.,not useful
"I can't connect with TikTok, the creator.",not useful
"My account has a good reputation, so I look forward to reviewing it, and I can review the product.",not useful
I want to open a shopping cart for sale.,not useful
What to lock?,not useful
Why not sign up?,not useful
Why is that?,not useful
How can I not do it,not useful
Why can't I open a shopping cart?,useful
Where is it faulty?,not useful
Why my account was rejected,useful
Why was my application rejected? I look forward to your support and consideration. Thank you.,not useful
I can't register for an affiliate account.,useful
I contact you NTN.,not useful
What is my account being violated?,not useful
I don't know what I did to get locked this tk I'm looking forward to my tk working I need support review for me sincerely thank you,not useful
Tell me why I can't make money.,not useful
__😢😢😢😢😢😢😢the achi tiktoc oi,not useful
I want to add a shopping cart but have a problem and I want help.,useful
"There is no problem with my account, why don't you set up a shop?",not useful
Quoc Tuan 11295,not useful
Why not register?,not useful
Why was the registration rejected?,useful
They are good at DC.,not useful
How can I register in Tik Tok?,useful
Why does my account meet the requirements of TitkTok and my application is still rejected?,useful
Please open a TikTok Shop.,not useful
Why can't I sign up for the TikTok Shop?,useful
TIKTOK PLSSSS,not useful
Is a nice and very cool,not useful
"1000 fl and then I want to open a shopping cart, TikTok refused.",not useful
I can't open the cart.,useful
I am 18 years old and have 1000 followers. TikTok Opens a Children's Shopping Cart,useful
We can't register the cart.,useful
Why not open a TikTok Shop?,useful
I am eligible to open the cart and check the good account status. So why was I refused to open the cart? TikTok considers supporting opening the cart for me.,useful
I found that my account has a good reputation without being reviewed. B help me with,Not useful
My mother yyyyyyyyyy,not useful
Admin Let me ask you why Njk has been blocked from linking to TikTok shop.,useful
"I want to make money on TikTok, thank you.",not useful
Why is my TikTok in good condition and still can't open the TikTok Shop?,useful
I want to create tik tok shop,not useful
I don't have DC.,not useful
Why is my account bad?,not useful
When can I reopen the shopping cart?,useful
"The account is not violated, why can't you register for TikTok?",not useful
My account is in good condition and has not been reported. Why can't I open a tik tok shop?,useful
Why was my talent rejected?,not useful
Open TikTok Shop,useful
Why can't I sell?,not useful
I want to open a TikTok shop for creators.,not useful
I don't know what the account violated.,useful
"My account has a good reputation, why can't I open a TikTok shop?",not useful
Please TikTok,not useful
How to open a TikTok Shop?,not useful
A / C asked why Nick couldn't open the shopping cart even though he had enough electricity.,not useful
NhiQuach account is supported to open a TikTok shop cart.,useful
"My Nick works fine, safe",not useful
Our account has a completely good reputation. Meeting the requirements to open a shop for creators is difficult to understand. Hope you consider it. Thank you.,not useful
Why refuse?,not useful
I can't open the shopping cart.,useful
I opened the shopping cart.,not useful
I want to register for the TikTok Shop.,useful
I have a problem with my account. How can I market and sell?,not useful
I want to open a shopping cart.,useful
I would like to apply for a TikTok shop for creators.,useful
It has been more than 28 days and the TikTok shop has not been opened. I hope TikTok can help me.,useful
Why did I send the cancelled sales order?,useful
I can't sign up with the creator. My account is good.,useful
Why can't you register?,not useful
I did and enough 1000 fl without approval that I found the status is fine that I do not know why it was rejected hope tik tok can message back.,not useful
Safe and healthy,not useful
My TikTok account can't create a TikTok Shop,useful
I want to create a shopping cart.,useful
I think I am eligible to participate in the TikTok Creator Shop.,not useful
I want to open a shopping cart to sell affiliate marketing.,not useful
Why am I eligible without opening the shopping cart?,not useful
I would like to be assisted in opening a shopping cart for me to sell.,useful
"My account is in good condition, but why can't I open TikTok?",useful
Why don't I post affiliate marketing?,not useful
still k for open basket,not useful
Why can't I post the shopping cart?,not useful
"Why can't I sign up, when my account reputation is good.",useful
"Yes, my channel has enough 1000 followers to register for the shopping cart! Looking forward to your support! Thank you.",not useful
"There is something wrong with my account, I can't register for the shopping cart!",useful
Can I apply for a TikTok shop for creators?,not useful
"I hope TikTok can help me interact with more than 1k followers, but I can't open a TikTok shop, please check it.",useful
Why don't I open the package?,not useful
I can't open the shopping cart.,useful
I can't open TikTok shp account. Please open the ad for me.,useful
Why can't I sign?,not useful
What to refuse to do affiliate marketing,not useful
Can I ask if my account can still open the shopping cart? I was rejected and couldn't open it.,useful
What is wrong with my account without registering for TikTok Shop marketing?,not useful
I met the criteria of TikTok but I can't register as a creator.,useful
Why can't I register for the TikTok store?,useful
My account is eligible to participate in the TikTok Shop. Please review it.,useful
"TikTok, I didn't make a mistake. Why can't I open the shopping cart?",not useful
My account is not registered with TikTok Shop.,useful
Why don't I open a shopping cart? I didn't mess with my account.,useful
I want a shopping cart.,useful
I have met the 3 criteria for TiktokShop registration for creators and the account is working well. Why am I still being refused to register?,useful
I can't open the shopping cart.,useful
"Hi TikTok Support,

I am writing to express my concern regarding my recent application for the TikTok Creator Program. Despite meeting all three main requirements for eligibility, my application was not approved.

I have ensured that:
	1.	I have met the minimum follower count.
	2.	I consistently receive the required number of video views.
	3.	I adhere to all community guidelines and content standards.

Could you please clarify why my application was not accepted.",useful
"The account status has a good reputation, which ensures the requirement for creators on TikTok Shop.",not useful
I want to open a TikTok shop.,not useful
My tk is fine. Why was it delayed from opening the shop?,not useful
I want to know why I can't open the shopping cart.,useful
Open cart TikTok shop is refused,useful
Why can't I do affiliate marketing?,not useful
Why can't I sell goods on my account?,useful
I have a good account and can't link to the TikTok shop.,useful
I want to apply for TikTok Shop and was rejected.,useful
Please tell me why TikTok is open.,not useful
My TikTok account is in good condition.,not useful
Why can't I open the shopping cart?,useful
Why can't I do affiliate marketing?,not useful
Why can't I open a Tiktokshop to earn more income? I hope the review team will approve my application. Thank you.,not useful
"I was eligible to open TikTok for creators, but why was rejected?",useful
I want to use TikTok for creators.,not useful
Why don't you open it for me?,not useful
I want to attach a shopping cart for children's clothes.,useful
"WHY my channel can't open the shopping cart, although I checked my account and found nothing.",useful
I have 1k followers why can't I open the shopping cart?,useful
I want to register for affiliate marketing.,not useful
Why can't I text?,not useful
Why can't my account be opened?,useful
Why was I refused to open a TikTok shop and need help?,not useful
Unable to open Tiktokshop for creators after qualifying,useful
"Admin, why can't I register for TikTok?",useful
There is no feedback.,not useful
Adhere to Community Guidelines,not useful
"Why am I banned from TikTok seller creator..
Check ko account ko..ok nmn
Please reply namn Po.. thank you",Not useful
I don't know what's wrong with my account and I can't register for affiliate marketing.,useful
Please see if you can't open the shopping cart.,useful
I need to fix the TikTok community violation and update the TikTok shop.,useful
Why can't I open a TikTok shop?,useful
Good account no problem.,not useful
"Why is my account not accepted? TikTok, please help me.",not useful
I want to open a shopping cart.,not useful
Why can't I open the shopping cart?,useful
Can't sign up for Tik Tok Shop ❤️,not useful
I would like to register,not useful
Why was I refused to open the affiliate shopping cart?,useful
"Why is my TikTok account above 1000 folo, without violation and good reputation, why did I register to open an affiliate marketing cart without being approved?",not useful
Why not go to DC?,not useful
Why can't I open the shopping cart?,useful
Why can't I sign up?,useful
Why can't you register to open the shopping cart?,useful
I found that my application was rejected even though I met all the terms of TikTok. Please review and confirm my creator's TikTok shop application. Thanks!,useful
Check back for me.,not useful
Help me with live support.,not useful
Why was I rejected?,not useful
I want to open a TikTok shop. My request is sufficient. I'm just waiting for you to open it for me. Thank you!,not useful
I have enough followers to not open a TikTok shop.,not useful
"See for me why the channel has not registered Tiktokshop for creators yet?, my channel is in good condition, and the post has posted all views. I don't know if there are any other problems? Is there a link violation or a hidden violation?, contact me to avoid losing time.",not useful
Please help me with this.,not useful
Crazy TikTok,not useful
"The window can't be opened, but the conditions are met",useful